__v,_id,category,created_at,is_accepted,name,user_keys_affected,,,,
0,Sk1fuYKoF,Coding,2021-12-29T07:02:31.473Z,TRUE,React Native,"[{""_id"":{""$oid"":""61cd704a9ca1d50ca8a3e927""},""key"":""expert_at"",""key_type"":""array""},{""_id"":{""$oid"":""61cc08072befd8cf9a86e29c""},""key"":""expert_at"",""key_type"":""array""}]",,,,
0,SygcBu1ijF,0,2021-12-30T08:05:21.635Z,FALSE,Paint,"[{""_id"":{""$oid"":""61cd68419ca1d50ca8a3e920""},""key"":""preferred_partner_description"",""key_type"":""array"",""user_id"":""911564747484""}]",,,,
0,Sk88xljiF,Coding,2021-12-30T08:39:41.829Z,TRUE,React Native 2,"[{""_id"":{""$oid"":""61cd704d9ca1d50ca8a3e928""},""key"":""expert_at"",""key_type"":""array""}]",,,,
0,ByYUleisY,Coding,2021-12-30T08:39:45.077Z,TRUE,React Native 3,"[{""_id"":{""$oid"":""61cd70519ca1d50ca8a3e929""},""key"":""expert_at"",""key_type"":""array""}]",,,,
0,B1RUgljoF,Coding,2021-12-30T08:39:49.738Z,TRUE,cricket,"[{""_id"":{""$oid"":""61cd70559ca1d50ca8a3e92a""},""key"":""expert_at"",""key_type"":""array""}]",,,,
0,H1bvegoiF,Coding,2021-12-30T08:39:52.827Z,TRUE,dance,"[{""_id"":{""$oid"":""61cd70589ca1d50ca8a3e92b""},""key"":""expert_at"",""key_type"":""array""}]",,,,
0,SJEwggist,Coding,2021-12-30T08:39:56.178Z,TRUE,music,"[{""_id"":{""$oid"":""61cd705c9ca1d50ca8a3e92c""},""key"":""expert_at"",""key_type"":""array""}]",,,,
0,rkMQNvZhK,Sports,2022-01-04T06:07:22.309Z,TRUE,Basketball,"[{""_id"":{""$oid"":""61d3e41aa4a14663a0c2ac91""},""key"":""expert_at"",""key_type"":""array"",""user_id"":""911237987232""}]",,,,
0,ByZbF_W2K,Art,2022-01-04T07:36:25.105Z,TRUE,Acting,[],,,,
0,SJxZbYuW2F,Diy,2022-01-04T07:36:25.110Z,TRUE,Aeromodeling,[],,,,
0,HkW-bFdW3t,Astronomy,2022-01-04T07:36:25.114Z,TRUE,Astronomy,[],,,,
0,HJGZ-YuZ3t,0,2022-01-04T07:36:25.117Z,TRUE,Geology,[],,,,
0,SJQZ-Yub2Y,0,2022-01-04T07:36:25.121Z,TRUE,Radio,[],,,,
0,BJ4bWY_ZnF,0,2022-01-04T07:36:25.129Z,TRUE,Radio Jockey,[],,,,
0,rJrZ-tdbhY,0,2022-01-04T07:36:25.134Z,TRUE,Animals/pets/dogs,[],,,,
0,rJIZZKuZ2Y,0,2022-01-04T07:36:25.139Z,TRUE,Aquarium (Freshwater & Saltwater),[],,,,
0,HJwW-tu-nK,Sports,2022-01-04T07:36:25.143Z,TRUE,Archery,[],,,,
0,BJdZZYuZhY,Art,2022-01-04T07:36:25.146Z,TRUE,Art collecting,[],,,,
0,SJKZ-FOZnt,Art,2022-01-04T07:36:25.150Z,TRUE,Arts,[],,,,
0,rkcZZFuW3Y,Astrology,2022-01-04T07:36:25.153Z,TRUE,Astrology,[],,,,
0,rkj--K_b3K,Sports,2022-01-04T07:36:25.158Z,TRUE,Auto racing,[],,,,
0,Bynb-Yub3Y,Hiking,2022-01-04T07:36:25.162Z,TRUE,Backpacking,[],,,,
0,HyaWbKubnK,Sports,2022-01-04T07:36:25.165Z,TRUE,Badminton,[],,,,
0,SJCZbF_Z3Y,Sports,2022-01-04T07:36:25.169Z,TRUE,Baseball,[],,,,
0,HyJl--td-2F,Sports,2022-01-04T07:36:25.185Z,TRUE,Beach Volleyball,[],,,,
0,S1lgWZt_WnK,Diy,2022-01-04T07:36:25.189Z,TRUE,Beadwork,[],,,,
0,HybgW-FOW2K,Sports,2022-01-04T07:36:25.193Z,TRUE,Polo,[],,,,
0,HkMg-ZYub2t,Sports,2022-01-04T07:36:25.197Z,TRUE,Bicycling,[],,,,
0,SJXg-WYOZnF,Sports,2022-01-04T07:36:25.201Z,TRUE,Billiards,[],,,,
0,ry4g--YdbhF,Bird Watching,2022-01-04T07:36:25.204Z,TRUE,Bird watching,[],,,,
0,BJBlZ-KuZnK,Blogging,2022-01-04T07:36:25.208Z,TRUE,Blogging,[],,,,
0,HyLx-ZKd-ht,Board Games,2022-01-04T07:36:25.215Z,TRUE,Board games,[],,,,
0,r1weZWFubhF,Sports,2022-01-04T07:36:25.219Z,TRUE,Boating,[],,,,
0,BkOe-WKubnY,Gym,2022-01-04T07:36:25.223Z,TRUE,Body Building,[],,,,
0,BJKgbZFdWnt,Gardeing,2022-01-04T07:36:25.227Z,TRUE,Bonsai Tree,[],,,,
0,SJql-btuW2F,Collecting,2022-01-04T07:36:25.231Z,TRUE,Book collecting,[],,,,
0,SyoxZWKOZhF,Sports,2022-01-04T07:36:25.234Z,TRUE,Bowling,[],,,,
0,Hy2g-bKO-nK,Sports,2022-01-04T07:36:25.238Z,TRUE,Boxing,[],,,,
0,H1plZbFOW3Y,Art,2022-01-04T07:36:25.242Z,TRUE,Breakdancing,[],,,,
0,BJAe-ZF_WnY,Diy,2022-01-04T07:36:25.245Z,TRUE,Building Dollhouses,[],,,,
0,ryy-bbtO-nt,Diy,2022-01-04T07:36:25.250Z,TRUE,Cake Decorating,[],,,,
0,rklb-ZYuW2K,Art,2022-01-04T07:36:25.253Z,TRUE,Calligraphy,[],,,,
0,r1-bbZtu-3Y,Camping,2022-01-04T07:36:25.258Z,TRUE,Camping,[],,,,
0,rJzbZWYu-ht,Diy,2022-01-04T07:36:25.262Z,TRUE,Candle making,[],,,,
0,SJX-Z-KOW2F,Sports,2022-01-04T07:36:25.265Z,TRUE,Canoeing,[],,,,
0,BkVb-ZYOWnK,Art,2022-01-04T07:36:25.269Z,TRUE,Cartooning,[],,,,
0,B1BWZWFdZhK,Sports,2022-01-04T07:36:25.273Z,TRUE,Diving,[],,,,
0,SJ8-WbYObnY,Art,2022-01-04T07:36:25.277Z,TRUE,Ceramics,[],,,,
0,BJv--bt_Zht,Board Games,2022-01-04T07:36:25.282Z,TRUE,Chess,[],,,,
0,rJdW--tdZnK,Hiking,2022-01-04T07:36:25.285Z,TRUE,Climbing,[],,,,
0,ryK-bWYdZ3F,Collecting,2022-01-04T07:36:25.289Z,TRUE,Coin Collecting,[],,,,
0,rk5Zb-K_W3K,Art,2022-01-04T07:36:25.293Z,TRUE,Coloring,[],,,,
0,HJiWWZY_ZnY,Collecting,2022-01-04T07:36:25.302Z,TRUE,Comic book collecting,[],,,,
0,B13WbWKdWnt,Music,2022-01-04T07:36:25.306Z,TRUE,Compose Music,[],,,,
0,rkTZZ-tdbhY,Tech,2022-01-04T07:36:25.311Z,TRUE,Computer activities,[],,,,
0,rJCZ-ZFd-nt,Tech,2022-01-04T07:36:25.314Z,TRUE,Computer programming,[],,,,
0,HykGbWtuZ2t,Cooking,2022-01-04T07:36:25.318Z,TRUE,Cooking,[],,,,
0,r1lMZ-Ydb2F,Diy,2022-01-04T07:36:25.322Z,TRUE,Crafts,[],,,,
0,SyWfZbKdZ2K,Art,2022-01-04T07:36:25.328Z,TRUE,Creative writing,[],,,,
0,B1RUgljoF,Coding,2021-12-30T08:39:49.738Z,TRUE,cricket,"[{""_id"":{""$oid"":""61cd70559ca1d50ca8a3e92a""},""key"":""expert_at"",""key_type"":""array""}]",,,,
0,BkXz-WFOb3t,Diy,2022-01-04T07:36:25.336Z,TRUE,Crochet,[],,,,
0,SJVf-bK_ZnY,Diy,2022-01-04T07:36:25.342Z,TRUE,Crocheting,[],,,,
0,rkSMZWt_W2t,Diy,2022-01-04T07:36:25.347Z,TRUE,Cross-Stitch,[],,,,
0,SyIMZbFuZhY,Puzzles,2022-01-04T07:36:25.351Z,TRUE,Crossword Puzzles,[],,,,
0,S1DfZ-F_ZnF,Art,2022-01-04T07:36:25.355Z,TRUE,Cryptography,[],,,,
0,B1_M--FObht,Sports,2022-01-04T07:36:25.358Z,TRUE,Cycling,[],,,,
0,ryKGZbFOZ3Y,0,2022-01-04T07:36:25.368Z,FALSE,Dancing,"[{""_id"":{""$oid"":""62e29faa0f605f7f516c030f""},""key"":""hobbies"",""key_type"":""array"",""user_id"":""919867957123""},{""_id"":{""$oid"":""62e29f5c0f605f7f516c030d""},""key"":""hobbies"",""key_type"":""array"",""user_id"":""918828103808""},{""_id"":{""$oid"":""62d69523c8f9e5a9c8cbf174""},""key"":""hobbies"",""key_type"":""array"",""user_id"":""919167871033""}]",,,,
0,SkcG-ZYO-nt,Sports,2022-01-04T07:36:25.373Z,TRUE,Darts,[],,,,
0,HkjG--K_Wnt,Debate,2022-01-04T07:36:25.376Z,TRUE,Debate,[],,,,
0,HJnG--FO-ht,Art,2022-01-04T07:36:25.380Z,TRUE,Digital arts,[],,,,
0,SJTfbZYdWhK,Photography,2022-01-04T07:36:25.385Z,TRUE,Digital Photography,[],,,,
0,SJ0zZbY_Z2t,Diy,2022-01-04T07:36:25.388Z,TRUE,Do it yourself,[],,,,
0,B1yQZ-td-3t,Sports,2022-01-04T07:36:25.401Z,TRUE,Dodgeball,[],,,,
0,HylmWWtub3K,Dolls,2022-01-04T07:36:25.405Z,TRUE,Dolls,[],,,,
0,ryZXW-t_WhK,Art,2022-01-04T07:36:25.409Z,TRUE,Dominoes,[],,,,
0,BkfmZbY_-2F,Art,2022-01-04T07:36:25.414Z,TRUE,Drama,[],,,,
0,S17XZ-Y_W3K,Art,2022-01-04T07:36:25.418Z,TRUE,Drawing,[],,,,
0,Hk4mbbtOWnF,Education,2022-01-04T07:36:25.422Z,TRUE,Educational Courses,[],,,,
0,rySQZZKOZ3K,Education,2022-01-04T07:36:25.425Z,TRUE,Electronics,[],,,,
0,B1LQZWFO-2t,Diy,2022-01-04T07:36:25.429Z,TRUE,Embroidery,[],,,,
0,B1wXZZYdZhF,Art,2022-01-04T07:36:25.433Z,TRUE,Entertaining,[],,,,
0,Bku7bWt_-3t,Sports,2022-01-04T07:36:25.436Z,TRUE,Equestrianism,[],,,,
0,ByFQWZtdZnK,Gym,2022-01-04T07:36:25.440Z,TRUE,"Exercise (aerobics, weights)",[],,,,
0,Hy5X-bK_-nF,Birds,2022-01-04T07:36:25.444Z,TRUE,Falconry,[],,,,
0,H1oQZWY_bnt,Sports,2022-01-04T07:36:25.448Z,TRUE,Fencing,[],,,,
0,S1hQ-bY_Wnt,Sports,2022-01-04T07:36:25.452Z,TRUE,Field hockey,[],,,,
0,rJp7-WtObnK,Sports,2022-01-04T07:36:25.455Z,TRUE,Figure skating,[],,,,
0,SyC7--F_ZnY,Sports,2022-01-04T07:36:25.459Z,TRUE,Fishing,[],,,,
0,BkkNZbYu-3t,Diy,2022-01-04T07:36:25.463Z,TRUE,Flower arranging,[],,,,
0,HJe4-WF_W2Y,Collecting,2022-01-04T07:36:25.466Z,TRUE,Flower collecting and pressing,[],,,,
0,SJZ4-WFuZ2Y,Sports,2022-01-04T07:36:25.470Z,TRUE,Football,[],,,,
0,SJfVZWK_ZnK,Language,2022-01-04T07:36:25.474Z,TRUE,Foreign language learning,[],,,,
0,S1X4Z-YObhK,Games,2022-01-04T07:36:25.477Z,TRUE,Games,[],,,,
0,BJVVb-YdW2K,Gardening,2022-01-04T07:36:25.481Z,TRUE,Gardening,[],,,,
0,SySVZWtu-hF,Art,2022-01-04T07:36:25.484Z,TRUE,Glassblowing,[],,,,
0,rJIVZZtO-3Y,Sports,2022-01-04T07:36:25.488Z,TRUE,Go Kart Racing,[],,,,
0,SJP4--Yu-2t,Movies,2022-01-04T07:36:25.492Z,TRUE,Going to movies,[],,,,
0,BJdEbWFu-hK,Sports,2022-01-04T07:36:25.496Z,TRUE,Golf,[],,,,
0,HJtNbbtOWnF,Art,2022-01-04T07:36:25.500Z,TRUE,Graffiti,[],,,,
0,BkqVbbFdZ3Y,Music,2022-01-04T07:36:25.504Z,TRUE,Guitar,[],,,,
0,SkjVWbYd-3F,Gym,2022-01-04T07:36:25.508Z,TRUE,Gymnastics,[],,,,
0,SJ24WWFdWnY,Sports,2022-01-04T07:36:25.511Z,TRUE,Handball,[],,,,
0,BJpNZ-tub3Y,Sports,2022-01-04T07:36:25.515Z,TRUE,Hang gliding,[],,,,
0,HkzWtu-nK,Camping,2022-01-04T07:36:25.518Z,TRUE,Hiking,[],,,,
0,SyefWt_b3Y,Movies,2022-01-04T07:36:25.532Z,TRUE,Home Theater,[],,,,
0,r1ZG-tOb3t,Sports,2022-01-04T07:36:25.536Z,TRUE,Horse riding,[],,,,
0,BJfGWFd-hK,Sports,2022-01-04T07:36:25.539Z,TRUE,Hot air ballooning,[],,,,
0,SJ7fbKOZnF,Sports,2022-01-04T07:36:25.543Z,TRUE,Hula Hooping,[],,,,
0,rJVGWtO-3F,Sports,2022-01-04T07:36:25.547Z,TRUE,Ice hockey,[],,,,
0,B1BzWtd-hK,Sports,2022-01-04T07:36:25.555Z,TRUE,Ice skating,[],,,,
0,Hk8MZY_-3F,Art,2022-01-04T07:36:25.562Z,TRUE,Impersonations,[],,,,
0,HJvzWY_WnY,Internet,2022-01-04T07:36:25.567Z,TRUE,Internet,[],,,,
0,rk_fWtdW2t,Diy,2022-01-04T07:36:25.572Z,TRUE,Jewelry Making,[],,,,
0,rkYMZt_-nY,Puzzles,2022-01-04T07:36:25.575Z,TRUE,Jigsaw Puzzles,[],,,,
0,H19MZKOb3Y,Sports,2022-01-04T07:36:25.579Z,TRUE,Jogging,[],,,,
0,BysGbtubnF,Sports,2022-01-04T07:36:25.583Z,TRUE,Judo,[],,,,
0,S1hfbY_-2F,Sports,2022-01-04T07:36:25.586Z,TRUE,Juggling,[],,,,
0,S1aG-YdWhF,Sports,2022-01-04T07:36:25.590Z,TRUE,Jump Roping,[],,,,
0,HyRM-KOZhK,Sports,2022-01-04T07:36:25.593Z,TRUE,Kabaddi,[],,,,
0,r1yxMWFu-2t,Sports,2022-01-04T07:36:25.598Z,TRUE,Kart racing,[],,,,
0,HyxgfbKOWnK,Sports,2022-01-04T07:36:25.602Z,TRUE,Kayaking,[],,,,
0,r1Zxz-FubhK,Music,2022-01-04T07:36:25.606Z,TRUE,Karaoke,[],,,,
0,ByzxG-FOZ2t,Sports,2022-01-04T07:36:25.616Z,TRUE,Kite Boarding,[],,,,
0,B1QxGZt_Z2F,Sports,2022-01-04T07:36:25.625Z,TRUE,Kite flying,[],,,,
0,r1NlGWKOb2F,Sports,2022-01-04T07:36:25.629Z,TRUE,Kitesurfing,[],,,,
0,ByrlMbtdW2Y,Diy,2022-01-04T07:36:25.632Z,TRUE,Knitting,[],,,,
0,SyLefZKu-hF,Diy,2022-01-04T07:36:25.637Z,TRUE,Lacemaking,[],,,,
0,HyvxGbtuZ2K,Sports,2022-01-04T07:36:25.641Z,TRUE,Lacrosse,[],,,,
0,HJ_gf-Y_Z3t,Language,2022-01-04T07:36:25.644Z,TRUE,Learning A Foreign Language,[],,,,
0,r1KeGbFOZ3F,Music,2022-01-04T07:36:25.648Z,TRUE,Learning An Instrument,[],,,,
0,Sy5eMZtuWhK,Diy,2022-01-04T07:36:25.652Z,TRUE,Lego building,[],,,,
0,rJjgG-KOZhY,Diy,2022-01-04T07:36:25.655Z,TRUE,Legos,[],,,,
0,rknlfbtd-ht,Music,2022-01-04T07:36:25.659Z,TRUE,Listening to music,[],,,,
0,rkTgMbKOZ2F,Magic,2022-01-04T07:36:25.662Z,TRUE,Magic,[],,,,
0,rk0xM-F_ZhF,Board Games,2022-01-04T07:36:25.666Z,TRUE,Mahjong,[],,,,
0,rJyWfbtu-2t,Diy,2022-01-04T07:36:25.670Z,TRUE,Making Model Cars,[],,,,
0,SylZfbFd-3t,Games,2022-01-04T07:36:25.673Z,TRUE,Marbles,[],,,,
0,Hk-ZzbFdb2K,Sports,2022-01-04T07:36:25.677Z,TRUE,Martial arts,[],,,,
0,ryf-Gbtu-3F,Art,2022-01-04T07:36:25.681Z,TRUE,Matchstick Modeling,[],,,,
0,Bym-zZtuZhF,Meditattion,2022-01-04T07:36:25.684Z,TRUE,Meditation,[],,,,
0,Sy4-GZF_-2t,Meteorology,2022-01-04T07:36:25.688Z,TRUE,Meteorology,[],,,,
0,BJBZzbtuWnY,0,2022-01-04T07:36:25.693Z,TRUE,Microscopy,[],,,,
0,rk8ZMWKO-nF,Collecting,2022-01-04T07:36:25.697Z,TRUE,Mineral collecting,[],,,,
0,rywZzZt_ZnF,Diy,2022-01-04T07:36:25.700Z,TRUE,Model aircraft,[],,,,
0,Bku-MWt_Z2t,Diy,2022-01-04T07:36:25.704Z,TRUE,Model building,[],,,,
0,HJKZMbYd-2t,Motorcycles,2022-01-04T07:36:25.709Z,TRUE,Motorcycles,[],,,,
0,S19ZMbt_b2t,Adventure Sports,2022-01-04T07:36:25.713Z,TRUE,Mountain Biking,[],,,,
0,SkobfZKOW3Y,Adventure Sports,2022-01-04T07:36:25.716Z,TRUE,Mountain Climbing,[],,,,
0,rkh-M-tdb3t,Adventure Sports,2022-01-04T07:36:25.720Z,TRUE,Mountaineering,[],,,,
0,S16WG-K_b2Y,Collecting,2022-01-04T07:36:25.723Z,TRUE,Movie and movie memorabilia collecting,[],,,,
0,rJAbGbtdbht,Movies,2022-01-04T07:36:25.727Z,TRUE,Movies,[],,,,
0,ByJzMWFuZnt,Music,2022-01-04T07:36:25.730Z,TRUE,Musical Instruments,[],,,,
0,HJezMWF_Z2F,Art,2022-01-04T07:36:25.734Z,TRUE,Nail Art,[],,,,
0,SkbzzZtObhY,Diy,2022-01-04T07:36:25.738Z,TRUE,Needlepoint,[],,,,
0,rJMfMZtdZ3t,Sports,2022-01-04T07:36:25.741Z,TRUE,Netball,[],,,,
0,SkmfGbK_bnt,Diy,2022-01-04T07:36:25.746Z,TRUE,Origami,[],,,,
0,HyVzfbtub3K,Sports,2022-01-04T07:36:25.750Z,TRUE,Paintball,[],,,,
0,BkBff-YdZ2Y,Art,2022-01-04T07:36:25.753Z,TRUE,Painting,[],,,,
0,HJIfGWtuZnK,Diy,2022-01-04T07:36:25.757Z,TRUE,Papermache,[],,,,
0,rJDzMZtuZ2t,Diy,2022-01-04T07:36:25.760Z,TRUE,Papermaking,[],,,,
0,BJufz-F_Z3Y,Sports,2022-01-04T07:36:25.764Z,TRUE,Parachuting,[],,,,
0,rytMGbKOZ3F,Sports,2022-01-04T07:36:25.767Z,TRUE,Paragliding or Power Paragliding,[],,,,
0,HkczzWt_-3t,Sports,2022-01-04T07:36:25.771Z,TRUE,Parkour,[],,,,
0,S1sMMZFdZ3Y,Photography,2022-01-04T07:36:25.774Z,TRUE,Photography,[],,,,
0,Bk2Mz-t_b3K,Music,2022-01-04T07:36:25.778Z,TRUE,Piano,[],,,,
0,B1pffbKub2K,Sports,2022-01-04T07:36:25.782Z,TRUE,Planking,[],,,,
0,rJRzfbt_bht,Music,2022-01-04T07:36:25.786Z,TRUE,Playing music,[],,,,
0,rkyXf-tOZht,Music,2022-01-04T07:36:25.789Z,TRUE,Playing musical instruments,[],,,,
0,Skg7M-td-ht,Sports,2022-01-04T07:36:25.793Z,TRUE,Playing team sports,[],,,,
0,SkW7GZKu-2F,Art,2022-01-04T07:36:25.807Z,TRUE,Pottery,[],,,,
0,BJf7GWYuZ3K,Art,2022-01-04T07:36:25.813Z,TRUE,Puppetry,[],,,,
0,ByQmG-K_ZnF,Puzzles,2022-01-04T07:36:25.819Z,TRUE,Puzzles,[],,,,
0,SJV7fWYd-hY,Art,2022-01-04T07:36:25.823Z,TRUE,Quilting,[],,,,
0,S1SQfZYd-2K,Sports,2022-01-04T07:36:25.826Z,TRUE,Racquetball,[],,,,
0,B18Xz-KObnK,0,2022-01-04T07:36:25.830Z,TRUE,Radio-controlled car racing,[],,,,
0,S1wmMWKd-nY,Sports,2022-01-04T07:36:25.833Z,TRUE,Rafting,[],,,,
0,rkOmGbtOWhF,Sports,2022-01-04T07:36:25.838Z,TRUE,Rappelling,[],,,,
0,BJFQzZtdbnY,Music,2022-01-04T07:36:25.841Z,TRUE,Rapping,[],,,,
0,SJq7zZKdZ3Y,Reading,2022-01-04T07:36:25.845Z,TRUE,Reading,[],,,,
0,rJsXfWF_Z3F,Collecting,2022-01-04T07:36:25.848Z,TRUE,Record collecting,[],,,,
0,By27zZKuW2K,Animals,2022-01-04T07:36:25.852Z,TRUE,Rescuing Abused Or Abandoned Animals,[],,,,
0,HyTQf-K_b3F,Robotics,2022-01-04T07:36:25.855Z,TRUE,Robotics,[],,,,
0,B1AXMWKOW3F,Art,2022-01-04T07:36:25.859Z,TRUE,Roleplaying,[],,,,
0,HyyVzZFOZ2K,Sports,2022-01-04T07:36:25.863Z,TRUE,Roller derby,[],,,,
0,HklNMWYuW2t,Sports,2022-01-04T07:36:25.867Z,TRUE,Roller skating,[],,,,
0,BJ-EGbYdWhY,Sports,2022-01-04T07:36:25.872Z,TRUE,Rugby,[],,,,
0,ryMNzbtO-3F,Sports,2022-01-04T07:36:25.877Z,TRUE,Running,[],,,,
0,Sk74M-tuZnK,Sports,2022-01-04T07:36:25.880Z,TRUE,Sailing,[],,,,
0,HyVVMWKuWnY,Art,2022-01-04T07:36:25.884Z,TRUE,Sand art,[],,,,
0,HkHEzWYdWht,Scrapbook,2022-01-04T07:36:25.887Z,TRUE,Scrapbooking,[],,,,
0,r1I4MZtubht,Sports,2022-01-04T07:36:25.891Z,TRUE,Scuba diving,[],,,,
0,r1wEGbKO-nY,Sports,2022-01-04T07:36:25.895Z,TRUE,Sculling or Rowing,[],,,,
0,ryuVzbKOW3Y,Art,2022-01-04T07:36:25.898Z,TRUE,Sculpting,[],,,,
0,rJYVfZtu-2F,Collecting,2022-01-04T07:36:25.902Z,TRUE,Sea glass collecting,[],,,,
0,HyqEM-YdWhF,Collecting,2022-01-04T07:36:25.905Z,TRUE,Seashell collecting,[],,,,
0,HyjEMbF_bhY,Art,2022-01-04T07:36:25.909Z,TRUE,Sewing,[],,,,
0,rk3NMZYOb2t,Music,2022-01-04T07:36:25.912Z,TRUE,Singing,[],,,,
0,ryTVfZtuW2t,Music,2022-01-04T07:36:25.916Z,TRUE,Singing In Choir,[],,,,
0,HyAEz-YdZ2F,Sports,2022-01-04T07:36:25.919Z,TRUE,Skateboarding,[],,,,
0,r1kBG-KObhF,Sports,2022-01-04T07:36:25.924Z,TRUE,Skeet Shooting,[],,,,
0,rklSfWFdZnt,Art,2022-01-04T07:36:25.928Z,TRUE,Sketching,[],,,,
0,HkZrz-KOW3F,Sports,2022-01-04T07:36:25.931Z,TRUE,Skiing,[],,,,
0,BJGHMZtOWnY,Sports,2022-01-04T07:36:25.938Z,TRUE,Sky Diving,[],,,,
0,SJ7rzZtdb3Y,Sports,2022-01-04T07:36:25.942Z,TRUE,Slingshots,[],,,,
0,H1NSGZtOZnF,Sports,2022-01-04T07:36:25.945Z,TRUE,Snorkeling,[],,,,
0,rkSrfZFubnY,Sports,2022-01-04T07:36:25.949Z,TRUE,Snowboarding,[],,,,
0,ByLSfWYuW2F,Diy,2022-01-04T07:36:25.952Z,TRUE,Soap Making,[],,,,
0,ryvBfWFdZhY,Diy,2022-01-04T07:36:25.956Z,TRUE,Soccer,[],,,,
0,HJOHzbKO-3t,Socializing,2022-01-04T07:36:25.959Z,TRUE,Socializing with friends/neighbors,[],,,,
0,S1tHGWFOWhK,Rubix Cube,2022-01-04T07:36:25.963Z,TRUE,Speed Cubing (rubix cube),[],,,,
0,ry5SMZKOZ2t,Sports,2022-01-04T07:36:25.966Z,TRUE,Sports,[],,,,
0,HyoHGWY_bnt,Sports,2022-01-04T07:36:25.970Z,TRUE,Squash,[],,,,
0,rkhrGZKuZnY,Collecting,2022-01-04T07:36:25.973Z,TRUE,Stamp Collecting,[],,,,
0,r16HfZFO-3F,Art,2022-01-04T07:36:25.977Z,TRUE,Stand-up comedy,[],,,,
0,HyASf-KOb2t,Art,2022-01-04T07:36:25.981Z,TRUE,Storytelling,[],,,,
0,SJkLGWF_b2F,Puzzles,2022-01-04T07:36:25.985Z,TRUE,Sudoku,[],,,,
0,r1lLzbKOWhK,Sports,2022-01-04T07:36:25.988Z,TRUE,Surfing,[],,,,
0,BJZUG-KO-3Y,Sports,2022-01-04T07:36:25.992Z,TRUE,Swimming,[],,,,
0,rJzUzZYO-3K,Sports,2022-01-04T07:36:25.996Z,TRUE,Table football,[],,,,
0,BkQ8fZtuW2Y,Sports,2022-01-04T07:36:25.999Z,TRUE,Table tennis,[],,,,
0,BJE8zZtdZnF,Sports,2022-01-04T07:36:26.003Z,TRUE,Taekwondo,[],,,,
0,ByS8MbYubnF,Sports,2022-01-04T07:36:26.007Z,TRUE,Tai chi,[],,,,
0,rJIUz-YuZhF,Sports,2022-01-04T07:36:26.011Z,TRUE,Tennis,[],,,,
0,SJw8GbF_bht,Collecting,2022-01-04T07:36:26.014Z,TRUE,Toy Collecting,[],,,,
0,H1OUGZYuWhY,Traveling,2022-01-04T07:36:26.018Z,TRUE,Traveling,[],,,,
0,r1FLzbKOZ3K,Sports,2022-01-04T07:36:26.022Z,TRUE,Triathlon,[],,,,
0,H158GZFd-nF,Social Work,2022-01-04T07:36:26.025Z,TRUE,Tutoring Children,[],,,,
0,S1sUfbtuZ2Y,Tv,2022-01-04T07:36:26.031Z,TRUE,TV watching,[],,,,
0,Hkn8MWYdZnK,Collecting,2022-01-04T07:36:26.036Z,TRUE,Video game collecting,[],,,,
0,Hk68fWF_bnt,Gaming,2022-01-04T07:36:26.044Z,TRUE,Video Games,[],,,,
0,r1CLMbtObnY,Cars,2022-01-04T07:36:26.050Z,TRUE,Vintage cars,[],,,,
0,BJyPfbKuWnK,Music,2022-01-04T07:36:26.054Z,TRUE,Violin,[],,,,
0,BJgPzbK_Z3Y,Sports,2022-01-04T07:36:26.058Z,TRUE,Volleyball,[],,,,
0,r1-Df-YO-3t,Social Work,2022-01-04T07:36:26.061Z,TRUE,Volunteer,[],,,,
0,B1MDf-YuWhY,Sports,2022-01-04T07:36:26.065Z,TRUE,Walking,[],,,,
0,ByXvMZtOWht,Movies,2022-01-04T07:36:26.069Z,TRUE,Watching movies,[],,,,
0,SkEvzWtuW3Y,Tv,2022-01-04T07:36:26.072Z,TRUE,Watching sporting events,[],,,,
0,SJrDG-FuW3K,Sports,2022-01-04T07:36:26.077Z,TRUE,Water sports,[],,,,
0,r1UwGWY_ZnK,Tv,2022-01-04T07:36:26.080Z,TRUE,Watching TV,[],,,,
0,SyDwM-YdWnF,Web,2022-01-04T07:36:26.084Z,TRUE,Web surfing,[],,,,
0,H1uvzbY_bhY,Sports,2022-01-04T07:36:26.089Z,TRUE,Weightlifting,[],,,,
0,ByFPM-FuZ2K,Sports,2022-01-04T07:36:26.092Z,TRUE,Windsurfing,[],,,,
0,H15DzbtOb3t,Diy,2022-01-04T07:36:26.095Z,TRUE,Wood carving,[],,,,
0,rkoDfZtdW3Y,Diy,2022-01-04T07:36:26.099Z,TRUE,Woodworking,[],,,,
0,B12wGZtO-2t,Sports,2022-01-04T07:36:26.102Z,TRUE,Wrestling,[],,,,
0,SkpDzZFub2F,Art,2022-01-04T07:36:26.106Z,TRUE,Writing,[],,,,
0,B1ADM-tO-3F,Music,2022-01-04T07:36:26.110Z,TRUE,Writing Music,[],,,,
0,rJy_fbtO-nY,Music,2022-01-04T07:36:26.116Z,TRUE,Writing Songs,[],,,,
0,HJeuMbFd-hK,Sports,2022-01-04T07:36:26.122Z,TRUE,Yoga,[],,,,
0,HJWOMbF_bnF,Sports,2022-01-04T07:36:26.126Z,TRUE,Ziplining,[],,,,
0,H1fdzWK_bhF,Sports,2022-01-04T07:36:26.129Z,TRUE,Zumba,[],,,,
0,BkqVbbFdZ3Y,Music,2022-01-04T07:36:25.504Z,TRUE,Guitar,[],,,,
0,Bk2Mz-t_b3K,Music,2022-01-04T07:36:25.778Z,TRUE,Piano,[],,,,
0,SJSufbFOZnF,Music,2022-01-04T07:36:26.140Z,TRUE,'Tabla',[],,,,
0,ryUuzZtO-3Y,Music,2022-01-04T07:36:26.144Z,TRUE,'Drums',[],,,,
0,BkDdGbYub2t,Music,2022-01-04T07:36:26.148Z,TRUE,Cello,[],,,,
0,r1OdGbKuZnF,Music,2022-01-04T07:36:26.151Z,TRUE,Flute,[],,,,
0,SktuG-Fd-2F,Music,2022-01-04T07:36:26.157Z,TRUE,Sitar,[],,,,
0,H15OzZKdW2K,Music,2022-01-04T07:36:26.164Z,TRUE,Harmonium,[],,,,
0,BkjuzWt_W3Y,'History',2022-01-04T07:36:26.167Z,TRUE,History,[],,,,
0,Hy2uM-FO-nK,'Maths (Mathematics)',2022-01-04T07:36:26.171Z,TRUE,Maths (Mathematics),[],,,,
0,BJpOGWKdWnY,'Biology',2022-01-04T07:36:26.176Z,TRUE,Biology,[],,,,
0,SyR_MZt_bht,'Chemistry',2022-01-04T07:36:26.179Z,TRUE,Chemistry,[],,,,
0,H11Kzbt_b2Y,'Physics',2022-01-04T07:36:26.184Z,TRUE,Physics,[],,,,
0,rJlFMWFdWnY,'Geometry',2022-01-04T07:36:26.187Z,TRUE,Geometry,[],,,,
0,r1ZtfbY_-3t,'Algebra',2022-01-04T07:36:26.195Z,TRUE,Algebra,[],,,,
0,rJztGZtObht,'Science',2022-01-04T07:36:26.199Z,TRUE,Science,[],,,,
0,Hk7KzbKdb3t,'Civics',2022-01-04T07:36:26.203Z,TRUE,Civics,[],,,,
0,r1VtGWtd-3t,Geography,2022-01-04T07:36:26.208Z,TRUE,Geography,[],,,,
0,rJSFM-tdZhY,Langugage,2022-01-04T07:36:26.212Z,TRUE,French,[],,,,
0,SkIYfbKdWht,Langugage,2022-01-04T07:36:26.216Z,TRUE,German,[],,,,
0,SkwKz-Kdbnt,Langugage,2022-01-04T07:36:26.220Z,TRUE,Hindi,[],,,,
0,BJdYf-YuW2F,Langugage,2022-01-04T07:36:26.223Z,TRUE,English,[],,,,
0,SJKKf-KuZnt,Langugage,2022-01-04T07:36:26.227Z,TRUE,Spanish,[],,,,
0,SyqKGbYu-hF,Langugage,2022-01-04T07:36:26.230Z,TRUE,Italian,[],,,,
0,S1sKM-F_-2K,Langugage,2022-01-04T07:36:26.234Z,TRUE,Japanese,[],,,,
0,rknKM-KuZ2t,Langugage,2022-01-04T07:36:26.238Z,TRUE,Mandarin,[],,,,
0,H16FfZYO-2t,Langugage,2022-01-04T07:36:26.242Z,TRUE,Cantonese,[],,,,
0,r10FfZtObhY,Langugage,2022-01-04T07:36:26.246Z,TRUE,Russian,[],,,,
0,ByofAnIRt,0,2022-02-01T14:05:06.994Z,FALSE,Social media,"[{""_id"":{""$oid"":""6230697fc8f9e5a9c8cbf155""},""key"":""preferred_partner_description"",""key_type"":""array"",""user_id"":""971569124074""},{""_id"":{""$oid"":""620f34f70ba2b528bfb7db7e""},""key"":""preferred_partner_description"",""key_type"":""array"",""user_id"":""971502110385""},{""_id"":{""$oid"":""61f93e123fb1d29ae340f6b8""},""key"":""preferred_partner_description"",""key_type"":""array"",""user_id"":""971502110385""}]",,,,
0,rJ_w028RY,0,2022-02-01T14:06:24.387Z,FALSE,Scrabble,"[{""_id"":{""$oid"":""61f93e603fb1d29ae340f6b9""},""key"":""expert_at"",""key_type"":""array"",""user_id"":""971502110385""}]",,,,
0,rygdDR2LCt,0,2022-02-01T14:06:24.391Z,FALSE,Self confidence,"[{""_id"":{""$oid"":""61f93e603fb1d29ae340f6ba""},""key"":""expert_at"",""key_type"":""array"",""user_id"":""971502110385""}]",,,,
0,SyebB23y9,0,2022-02-18T05:56:07.573Z,FALSE,Digital marketing,"[{""_id"":{""$oid"":""620f34f70ba2b528bfb7db7f""},""key"":""preferred_partner_description"",""key_type"":""array"",""user_id"":""971502110385""}]",,,,
0,r1FgWqQg9,Computers,2022-02-23T10:48:17.453Z,FALSE,Machine Learning,[],,,,
0,SJEwggist,Coding,2021-12-30T08:39:56.178Z,TRUE,music,"[{""_id"":{""$oid"":""61cd705c9ca1d50ca8a3e92c""},""key"":""expert_at"",""key_type"":""array""}]",,,,
0,SJEwggist,Coding,2021-12-30T08:39:56.178Z,TRUE,music,"[{""_id"":{""$oid"":""61cd705c9ca1d50ca8a3e92c""},""key"":""expert_at"",""key_type"":""array""}]",,,,
0,SkhWrM4n5,0,2022-07-19T11:26:59.926Z,FALSE,Designing,"[{""_id"":{""$oid"":""62d69503c8f9e5a9c8cbf173""},""key"":""expert_at"",""key_type"":""array"",""user_id"":""919167871033""}]",,,,
0,B1dzDIr29,0,2022-07-20T10:21:03.591Z,FALSE,Musical,"[{""_id"":{""$oid"":""62d7d70fc8f9e5a9c8cbf175""},""key"":""preferred_partner_description"",""key_type"":""array"",""user_id"":""919167871033""}]",,,,
0,B16RD7T2q,others,2022-07-26T08:37:40.759Z,TRUE,Addiction,"[{""_id"":{""$oid"":""62dfa7d40f605f7f516c02d3""},""key"":""friends"",""key_type"":""array"",""user_id"":""test""}]",,,,
0,r1e6CvmThc,others,2022-07-26T08:37:40.766Z,TRUE,Air Quality,"[{""_id"":{""$oid"":""62dfa7d40f605f7f516c02d4""},""key"":""friends"",""key_type"":""array"",""user_id"":""test""}]",,,,
0,rybpCvmThq,others,2022-07-26T08:37:40.770Z,TRUE,Child Welfare,"[{""_id"":{""$oid"":""62dfa7d40f605f7f516c02d5""},""key"":""friends"",""key_type"":""array"",""user_id"":""test""}]",,,,
0,SyG6APQpnq,others,2022-07-26T08:37:40.774Z,TRUE,Environmental Destruction,"[{""_id"":{""$oid"":""62dfa7d40f605f7f516c02d6""},""key"":""friends"",""key_type"":""array"",""user_id"":""test""}]",,,,
0,ryQaRvmT2c,others,2022-07-26T08:37:40.786Z,TRUE,Epidemics & Pandemics,"[{""_id"":{""$oid"":""62dfa7d40f605f7f516c02d7""},""key"":""friends"",""key_type"":""array"",""user_id"":""test""}]",,,,
0,SkVT0vXTh5,others,2022-07-26T08:37:40.789Z,TRUE,Genetically Modified Food,"[{""_id"":{""$oid"":""62dfa7d40f605f7f516c02d8""},""key"":""friends"",""key_type"":""array"",""user_id"":""test""}]",,,,
0,H1BTRP7phc,others,2022-07-26T08:37:40.792Z,TRUE,Hunger,"[{""_id"":{""$oid"":""62dfa7d40f605f7f516c02d9""},""key"":""friends"",""key_type"":""array"",""user_id"":""test""}]",,,,
0,B1LaAP7pn5,others,2022-07-26T08:37:40.796Z,TRUE,Indigenous Rights,"[{""_id"":{""$oid"":""62dfa7d40f605f7f516c02da""},""key"":""friends"",""key_type"":""array"",""user_id"":""test""}]",,,,
0,HJDTCvmp2q,others,2022-07-26T08:37:40.799Z,TRUE,Information Security,"[{""_id"":{""$oid"":""62dfa7d40f605f7f516c02db""},""key"":""friends"",""key_type"":""array"",""user_id"":""test""}]",,,,
0,Sy0qq7Tn9,others,2022-07-26T08:49:25.579Z,TRUE,Living Conditions,"[{""_id"":{""$oid"":""62dfaa950f605f7f516c02dc""},""key"":""friends"",""key_type"":""array"",""user_id"":""test""}]",,,,
0,BylC597ph5,others,2022-07-26T08:49:25.583Z,TRUE,Minimum Wage,"[{""_id"":{""$oid"":""62dfaa950f605f7f516c02dd""},""key"":""friends"",""key_type"":""array"",""user_id"":""test""}]",,,,
0,BJ-Rqc7p25,others,2022-07-26T08:49:25.591Z,TRUE,Modern Slavery,"[{""_id"":{""$oid"":""62dfaa950f605f7f516c02de""},""key"":""friends"",""key_type"":""array"",""user_id"":""test""}]",,,,
0,rkzC55mT39,others,2022-07-26T08:49:25.594Z,TRUE,Natural Disasters,"[{""_id"":{""$oid"":""62dfaa950f605f7f516c02df""},""key"":""friends"",""key_type"":""array"",""user_id"":""test""}]",,,,
0,r17A5cQT2c,others,2022-07-26T08:49:25.597Z,TRUE,Nuclear Weapons,"[{""_id"":{""$oid"":""62dfaa950f605f7f516c02e0""},""key"":""friends"",""key_type"":""array"",""user_id"":""test""}]",,,,
0,SJEAqqXpn5,others,2022-07-26T08:49:25.601Z,TRUE,Pesticides,"[{""_id"":{""$oid"":""62dfaa950f605f7f516c02e1""},""key"":""friends"",""key_type"":""array"",""user_id"":""test""}]",,,,
0,B1HC5576hc,others,2022-07-26T08:49:25.605Z,TRUE,Political Accountability,"[{""_id"":{""$oid"":""62dfaa950f605f7f516c02e2""},""key"":""friends"",""key_type"":""array"",""user_id"":""test""}]",,,,
0,rkUAq5Xa2q,others,2022-07-26T08:49:25.609Z,TRUE,Pollution,"[{""_id"":{""$oid"":""62dfaa950f605f7f516c02e3""},""key"":""friends"",""key_type"":""array"",""user_id"":""test""}]",,,,
0,SkDR95mTn9,others,2022-07-26T08:49:25.613Z,TRUE,Poverty,"[{""_id"":{""$oid"":""62dfaa950f605f7f516c02e4""},""key"":""friends"",""key_type"":""array"",""user_id"":""test""}]",,,,
0,SyO05qXphc,others,2022-07-26T08:49:25.616Z,TRUE,Quality of Life,"[{""_id"":{""$oid"":""62dfaa950f605f7f516c02e5""},""key"":""friends"",""key_type"":""array"",""user_id"":""test""}]",,,,
0,HJtR5qQp2q,others,2022-07-26T08:49:25.620Z,TRUE,Right to Know,"[{""_id"":{""$oid"":""62dfaa950f605f7f516c02e6""},""key"":""friends"",""key_type"":""array"",""user_id"":""test""}]",,,,
0,Syq0c9Q6h5,others,2022-07-26T08:49:25.624Z,TRUE,Substance Abuse,"[{""_id"":{""$oid"":""62dfaa950f605f7f516c02e7""},""key"":""friends"",""key_type"":""array"",""user_id"":""test""}]",,,,
0,Skj099Qan9,others,2022-07-26T08:49:25.627Z,TRUE,Technological Change,"[{""_id"":{""$oid"":""62dfaa950f605f7f516c02e8""},""key"":""friends"",""key_type"":""array"",""user_id"":""test""}]",,,,
0,HknR99Qa35,others,2022-07-26T08:49:25.631Z,TRUE,Unemployment,"[{""_id"":{""$oid"":""62dfaa950f605f7f516c02e9""},""key"":""friends"",""key_type"":""array"",""user_id"":""test""}]",,,,
0,H1aA9qQa39,others,2022-07-26T08:49:25.644Z,TRUE,War,"[{""_id"":{""$oid"":""62dfaa950f605f7f516c02ea""},""key"":""friends"",""key_type"":""array"",""user_id"":""test""}]",,,,
0,rkA0c97p3q,others,2022-07-26T08:49:25.657Z,TRUE,Access to Education,"[{""_id"":{""$oid"":""62dfaa950f605f7f516c02eb""},""key"":""friends"",""key_type"":""array"",""user_id"":""test""}]",,,,
0,Bk1l0cqmT25,others,2022-07-26T08:49:25.665Z,TRUE,Ageism,"[{""_id"":{""$oid"":""62dfaa950f605f7f516c02ec""},""key"":""friends"",""key_type"":""array"",""user_id"":""test""}]",,,,
0,rJegR9cm6hq,others,2022-07-26T08:49:25.669Z,TRUE,Animal Rights,"[{""_id"":{""$oid"":""62dfaa950f605f7f516c02ed""},""key"":""friends"",""key_type"":""array"",""user_id"":""test""}]",,,,
0,HkZxRq5Xanq,others,2022-07-26T08:49:25.674Z,TRUE,Bullying,"[{""_id"":{""$oid"":""62dfaa950f605f7f516c02ee""},""key"":""friends"",""key_type"":""array"",""user_id"":""test""}]",,,,
0,BJflR59Xp35,others,2022-07-26T08:49:25.685Z,TRUE,Children's Rights,"[{""_id"":{""$oid"":""62dfaa950f605f7f516c02ef""},""key"":""friends"",""key_type"":""array"",""user_id"":""test""}]",,,,
0,rJ7lA5cQa2c,others,2022-07-26T08:49:25.689Z,TRUE,Climate Change,"[{""_id"":{""$oid"":""62dfaa950f605f7f516c02f0""},""key"":""friends"",""key_type"":""array"",""user_id"":""test""}]",,,,
0,rJNe05cQa35,others,2022-07-26T08:49:25.693Z,TRUE,Crime,"[{""_id"":{""$oid"":""62dfaa950f605f7f516c02f1""},""key"":""friends"",""key_type"":""array"",""user_id"":""test""}]",,,,
0,BkSgAq5m639,others,2022-07-26T08:49:25.696Z,TRUE,Human Rights,"[{""_id"":{""$oid"":""62dfaa950f605f7f516c02f2""},""key"":""friends"",""key_type"":""array"",""user_id"":""test""}]",,,,
0,ByLxAc9ma3q,others,2022-07-26T08:49:25.705Z,TRUE,Immigration,"[{""_id"":{""$oid"":""62dfaa950f605f7f516c02f3""},""key"":""friends"",""key_type"":""array"",""user_id"":""test""}]",,,,
0,H1Px0q9Xa2c,others,2022-07-26T08:49:25.710Z,TRUE,Inflation,"[{""_id"":{""$oid"":""62dfaa950f605f7f516c02f4""},""key"":""friends"",""key_type"":""array"",""user_id"":""test""}]",,,,
0,S1ulA5qXa29,others,2022-07-26T08:49:25.714Z,TRUE,LGBTQI Rights,"[{""_id"":{""$oid"":""62dfaa950f605f7f516c02f5""},""key"":""friends"",""key_type"":""array"",""user_id"":""test""}]",,,,
0,Sktg0q9m6hc,others,2022-07-26T08:49:25.719Z,TRUE,Mental Health,"[{""_id"":{""$oid"":""62dfaa950f605f7f516c02f6""},""key"":""friends"",""key_type"":""array"",""user_id"":""test""}]",,,,
0,HJ5gA557T35,others,2022-07-26T08:49:25.723Z,TRUE,Natural Resources,"[{""_id"":{""$oid"":""62dfaa950f605f7f516c02f7""},""key"":""friends"",""key_type"":""array"",""user_id"":""test""}]",,,,
0,H1ieCcc7Thc,others,2022-07-26T08:49:25.726Z,TRUE,Obesity,"[{""_id"":{""$oid"":""62dfaa950f605f7f516c02f8""},""key"":""friends"",""key_type"":""array"",""user_id"":""test""}]",,,,
0,H13eR55Qpnq,others,2022-07-26T08:49:25.729Z,TRUE,Policing,"[{""_id"":{""$oid"":""62dfaa950f605f7f516c02f9""},""key"":""friends"",""key_type"":""array"",""user_id"":""test""}]",,,,
0,SJTg0cc76nq,others,2022-07-26T08:49:25.733Z,TRUE,Body shaming,"[{""_id"":{""$oid"":""62dfaa950f605f7f516c02fa""},""key"":""friends"",""key_type"":""array"",""user_id"":""test""}]",,,,
0,SJRg0qcQTn5,others,2022-07-26T08:49:25.737Z,TRUE,Privacy,"[{""_id"":{""$oid"":""62dfaa950f605f7f516c02fb""},""key"":""friends"",""key_type"":""array"",""user_id"":""test""}]",,,,
0,SJkW0qqX62c,others,2022-07-26T08:49:25.740Z,TRUE,Public Safety,"[{""_id"":{""$oid"":""62dfaa950f605f7f516c02fc""},""key"":""friends"",""key_type"":""array"",""user_id"":""test""}]",,,,
0,SyebAqq7p3c,others,2022-07-26T08:49:25.744Z,TRUE,Racism,"[{""_id"":{""$oid"":""62dfaa950f605f7f516c02fd""},""key"":""friends"",""key_type"":""array"",""user_id"":""test""}]",,,,
0,SkZ-Rqc7T2c,others,2022-07-26T08:49:25.747Z,TRUE,Refugees,"[{""_id"":{""$oid"":""62dfaa950f605f7f516c02fe""},""key"":""friends"",""key_type"":""array"",""user_id"":""test""}]",,,,
0,S1z-Rq5manq,others,2022-07-26T08:49:25.751Z,TRUE,Rights,"[{""_id"":{""$oid"":""62dfaa950f605f7f516c02ff""},""key"":""friends"",""key_type"":""array"",""user_id"":""test""}]",,,,
0,S1X-Cqqmp2q,others,2022-07-26T08:49:25.754Z,TRUE,Social Inequality,"[{""_id"":{""$oid"":""62dfaa950f605f7f516c0300""},""key"":""friends"",""key_type"":""array"",""user_id"":""test""}]",,,,
0,S14WA55mahq,others,2022-07-26T08:49:25.767Z,TRUE,Social Stability,"[{""_id"":{""$oid"":""62dfaa950f605f7f516c0301""},""key"":""friends"",""key_type"":""array"",""user_id"":""test""}]",,,,
0,BkHZRcqX625,others,2022-07-26T08:49:25.771Z,TRUE,Toxic Waste,"[{""_id"":{""$oid"":""62dfaa950f605f7f516c0302""},""key"":""friends"",""key_type"":""array"",""user_id"":""test""}]",,,,
0,Sk8-CqqmTn9,others,2022-07-26T08:49:25.779Z,TRUE,Women's Rights,"[{""_id"":{""$oid"":""62dfaa950f605f7f516c0303""},""key"":""friends"",""key_type"":""array"",""user_id"":""test""}]",,,,
0,ByvZ055m625,others,2022-07-26T08:49:25.787Z,TRUE,Workplace Safety,"[{""_id"":{""$oid"":""62dfaa950f605f7f516c0304""},""key"":""friends"",""key_type"":""array"",""user_id"":""test""}]",,,,
0,Sktg0q9m6hc,others,2022-07-26T08:49:25.719Z,TRUE,Mental Health,"[{""_id"":{""$oid"":""62dfaa950f605f7f516c02f6""},""key"":""friends"",""key_type"":""array"",""user_id"":""test""}]",,,,
0,B1F-Rcq7anc,others,2022-07-26T08:49:25.794Z,TRUE,Autism,"[{""_id"":{""$oid"":""62dfaa950f605f7f516c0306""},""key"":""friends"",""key_type"":""array"",""user_id"":""test""}]",,,,
0,BJ5W055Qah9,others,2022-07-26T08:49:25.801Z,TRUE,UN SDG goals,"[{""_id"":{""$oid"":""62dfaa950f605f7f516c0307""},""key"":""friends"",""key_type"":""array"",""user_id"":""test""}]",,,,
0,HkoWA59mThc,others,2022-07-26T08:49:25.806Z,TRUE,Sustainability development goals,"[{""_id"":{""$oid"":""62dfaa950f605f7f516c0308""},""key"":""friends"",""key_type"":""array"",""user_id"":""test""}]",,,,
0,Bkdz3fe69,0,2022-07-28T14:24:15.979Z,FALSE,Anime,"[{""_id"":{""$oid"":""62e29c0f0f605f7f516c030a""},""key"":""preferred_partner_description"",""key_type"":""array"",""user_id"":""919867957123""}]",,,,
0,Bk53hMepc,0,2022-07-28T14:26:57.879Z,FALSE,Trekking,"[{""_id"":{""$oid"":""62e29cb10f605f7f516c030b""},""key"":""hobbies"",""key_type"":""array"",""user_id"":""919867957123""}]",,,,
0,H1hfyXep5,0,2022-07-28T14:37:07.804Z,FALSE,Teaching,"[{""_id"":{""$oid"":""62e2a86f0f605f7f516c0312""},""key"":""hobbies"",""key_type"":""array"",""user_id"":""918828103808""},{""_id"":{""$oid"":""62e2a83d0f605f7f516c0311""},""key"":""preferred_partner_description"",""key_type"":""array"",""user_id"":""918828103808""},{""_id"":{""$oid"":""62e29faa0f605f7f516c0310""},""key"":""hobbies"",""key_type"":""array"",""user_id"":""919867957123""},{""_id"":{""$oid"":""62e29f130f605f7f516c030c""},""key"":""preferred_partner_description"",""key_type"":""array"",""user_id"":""918828103808""}]",,,,
